id,doctor_id,hr_path,acc_path
21,1,/SeperateData/PatientID_21/HR.csv,/SeperateData/PatientID_21/Acc.csv
22,1,/SeperateData/PatientID_22/HR.csv,/SeperateData/PatientID_22/Acc.csv
23,1,/SeperateData/PatientID_23/HR.csv,/SeperateData/PatientID_23/Acc.csv
24,1,/SeperateData/PatientID_24/HR.csv,/SeperateData/PatientID_24/Acc.csv
25,1,/SeperateData/PatientID_25/HR.csv,/SeperateData/PatientID_25/Acc.csv
26,1,/SeperateData/PatientID_26/HR.csv,/SeperateData/PatientID_26/Acc.csv
27,1,/SeperateData/PatientID_27/HR.csv,/SeperateData/PatientID_27/Acc.csv
28,1,/SeperateData/PatientID_28/HR.csv,/SeperateData/PatientID_28/Acc.csv
29,1,/SeperateData/PatientID_29/HR.csv,/SeperateData/PatientID_29/Acc.csv
30,1,/SeperateData/PatientID_30/HR.csv,/SeperateData/PatientID_30/Acc.csv
31,1,/SeperateData/PatientID_31/HR.csv,/SeperateData/PatientID_31/Acc.csv
33,1,/SeperateData/PatientID_33/HR.csv,/SeperateData/PatientID_33/Acc.csv
34,1,/SeperateData/PatientID_34/HR.csv,/SeperateData/PatientID_34/Acc.csv
35,1,/SeperateData/PatientID_35/HR.csv,/SeperateData/PatientID_35/Acc.csv
36,1,/SeperateData/PatientID_36/HR.csv,/SeperateData/PatientID_36/Acc.csv
37,1,/SeperateData/PatientID_37/HR.csv,/SeperateData/PatientID_37/Acc.csv
38,1,/SeperateData/PatientID_38/HR.csv,/SeperateData/PatientID_38/Acc.csv
40,1,/SeperateData/PatientID_40/HR.csv,/SeperateData/PatientID_40/Acc.csv
42,1,/SeperateData/PatientID_42/HR.csv,/SeperateData/PatientID_42/Acc.csv
43,1,/SeperateData/PatientID_43/HR.csv,/SeperateData/PatientID_43/Acc.csv
44,1,/SeperateData/PatientID_44/HR.csv,/SeperateData/PatientID_44/Acc.csv
45,1,/SeperateData/PatientID_45/HR.csv,/SeperateData/PatientID_45/Acc.csv
46,1,/SeperateData/PatientID_46/HR.csv,/SeperateData/PatientID_46/Acc.csv
49,1,/SeperateData/PatientID_49/HR.csv,/SeperateData/PatientID_49/Acc.csv
50,1,/SeperateData/PatientID_50/HR.csv,/SeperateData/PatientID_50/Acc.csv
51,1,/SeperateData/PatientID_51/HR.csv,/SeperateData/PatientID_51/Acc.csv
52,1,/SeperateData/PatientID_52/HR.csv,/SeperateData/PatientID_52/Acc.csv
53,1,/SeperateData/PatientID_53/HR.csv,/SeperateData/PatientID_53/Acc.csv
54,1,/SeperateData/PatientID_54/HR.csv,/SeperateData/PatientID_54/Acc.csv
55,1,/SeperateData/PatientID_55/HR.csv,/SeperateData/PatientID_55/Acc.csv
56,1,/SeperateData/PatientID_56/HR.csv,/SeperateData/PatientID_56/Acc.csv
57,1,/SeperateData/PatientID_57/HR.csv,/SeperateData/PatientID_57/Acc.csv
58,1,/SeperateData/PatientID_58/HR.csv,/SeperateData/PatientID_58/Acc.csv
59,1,/SeperateData/PatientID_59/HR.csv,/SeperateData/PatientID_59/Acc.csv
63,1,/SeperateData/PatientID_63/HR.csv,/SeperateData/PatientID_63/Acc.csv
64,1,/SeperateData/PatientID_64/HR.csv,/SeperateData/PatientID_64/Acc.csv
66,1,/SeperateData/PatientID_66/HR.csv,/SeperateData/PatientID_66/Acc.csv
68,1,/SeperateData/PatientID_68/HR.csv,/SeperateData/PatientID_68/Acc.csv
71,1,/SeperateData/PatientID_71/HR.csv,/SeperateData/PatientID_71/Acc.csv
72,1,/SeperateData/PatientID_72/HR.csv,/SeperateData/PatientID_72/Acc.csv
74,1,/SeperateData/PatientID_74/HR.csv,/SeperateData/PatientID_74/Acc.csv
75,1,/SeperateData/PatientID_75/HR.csv,/SeperateData/PatientID_75/Acc.csv
78,1,/SeperateData/PatientID_78/HR.csv,/SeperateData/PatientID_78/Acc.csv
80,1,/SeperateData/PatientID_80/HR.csv,/SeperateData/PatientID_80/Acc.csv
81,1,/SeperateData/PatientID_81/HR.csv,/SeperateData/PatientID_81/Acc.csv
82,1,/SeperateData/PatientID_82/HR.csv,/SeperateData/PatientID_82/Acc.csv
83,1,/SeperateData/PatientID_83/HR.csv,/SeperateData/PatientID_83/Acc.csv
84,1,/SeperateData/PatientID_84/HR.csv,/SeperateData/PatientID_84/Acc.csv
85,1,/SeperateData/PatientID_85/HR.csv,/SeperateData/PatientID_85/Acc.csv
87,1,/SeperateData/PatientID_87/HR.csv,/SeperateData/PatientID_87/Acc.csv
88,1,/SeperateData/PatientID_88/HR.csv,/SeperateData/PatientID_88/Acc.csv
89,1,/SeperateData/PatientID_89/HR.csv,/SeperateData/PatientID_89/Acc.csv
90,1,/SeperateData/PatientID_90/HR.csv,/SeperateData/PatientID_90/Acc.csv
91,1,/SeperateData/PatientID_91/HR.csv,/SeperateData/PatientID_91/Acc.csv
93,1,/SeperateData/PatientID_93/HR.csv,/SeperateData/PatientID_93/Acc.csv
95,1,/SeperateData/PatientID_95/HR.csv,/SeperateData/PatientID_95/Acc.csv
96,1,/SeperateData/PatientID_96/HR.csv,/SeperateData/PatientID_96/Acc.csv
97,1,/SeperateData/PatientID_97/HR.csv,/SeperateData/PatientID_97/Acc.csv
98,1,/SeperateData/PatientID_98/HR.csv,/SeperateData/PatientID_98/Acc.csv
100,1,/SeperateData/PatientID_100/HR.csv,/SeperateData/PatientID_100/Acc.csv
102,1,/SeperateData/PatientID_102/HR.csv,/SeperateData/PatientID_102/Acc.csv
103,1,/SeperateData/PatientID_103/HR.csv,/SeperateData/PatientID_103/Acc.csv
104,1,/SeperateData/PatientID_104/HR.csv,/SeperateData/PatientID_104/Acc.csv
105,1,/SeperateData/PatientID_105/HR.csv,/SeperateData/PatientID_105/Acc.csv
106,1,/SeperateData/PatientID_106/HR.csv,/SeperateData/PatientID_106/Acc.csv
107,1,/SeperateData/PatientID_107/HR.csv,/SeperateData/PatientID_107/Acc.csv
108,1,/SeperateData/PatientID_108/HR.csv,/SeperateData/PatientID_108/Acc.csv
109,1,/SeperateData/PatientID_109/HR.csv,/SeperateData/PatientID_109/Acc.csv
110,1,/SeperateData/PatientID_110/HR.csv,/SeperateData/PatientID_110/Acc.csv
111,1,/SeperateData/PatientID_111/HR.csv,/SeperateData/PatientID_111/Acc.csv
113,1,/SeperateData/PatientID_113/HR.csv,/SeperateData/PatientID_113/Acc.csv
114,1,/SeperateData/PatientID_114/HR.csv,/SeperateData/PatientID_114/Acc.csv
115,1,/SeperateData/PatientID_115/HR.csv,/SeperateData/PatientID_115/Acc.csv
118,1,/SeperateData/PatientID_118/HR.csv,/SeperateData/PatientID_118/Acc.csv
120,1,/SeperateData/PatientID_120/HR.csv,/SeperateData/PatientID_120/Acc.csv
121,1,/SeperateData/PatientID_121/HR.csv,/SeperateData/PatientID_121/Acc.csv
125,1,/SeperateData/PatientID_125/HR.csv,/SeperateData/PatientID_125/Acc.csv
127,1,/SeperateData/PatientID_127/HR.csv,/SeperateData/PatientID_127/Acc.csv
128,1,/SeperateData/PatientID_128/HR.csv,/SeperateData/PatientID_128/Acc.csv
129,1,/SeperateData/PatientID_129/HR.csv,/SeperateData/PatientID_129/Acc.csv
130,1,/SeperateData/PatientID_130/HR.csv,/SeperateData/PatientID_130/Acc.csv
131,1,/SeperateData/PatientID_131/HR.csv,/SeperateData/PatientID_131/Acc.csv
134,1,/SeperateData/PatientID_134/HR.csv,/SeperateData/PatientID_134/Acc.csv
135,1,/SeperateData/PatientID_135/HR.csv,/SeperateData/PatientID_135/Acc.csv
136,1,/SeperateData/PatientID_136/HR.csv,/SeperateData/PatientID_136/Acc.csv
137,1,/SeperateData/PatientID_137/HR.csv,Nan
139,1,/SeperateData/PatientID_139/HR.csv,Nan
140,1,/SeperateData/PatientID_140/HR.csv,/SeperateData/PatientID_140/Acc.csv
142,1,/SeperateData/PatientID_142/HR.csv,/SeperateData/PatientID_142/Acc.csv
143,1,/SeperateData/PatientID_143/HR.csv,/SeperateData/PatientID_143/Acc.csv
145,1,/SeperateData/PatientID_145/HR.csv,/SeperateData/PatientID_145/Acc.csv
146,1,/SeperateData/PatientID_146/HR.csv,/SeperateData/PatientID_146/Acc.csv
148,1,/SeperateData/PatientID_148/HR.csv,/SeperateData/PatientID_148/Acc.csv
149,1,/SeperateData/PatientID_149/HR.csv,/SeperateData/PatientID_149/Acc.csv
150,1,/SeperateData/PatientID_150/HR.csv,/SeperateData/PatientID_150/Acc.csv
151,1,/SeperateData/PatientID_151/HR.csv,/SeperateData/PatientID_151/Acc.csv
152,1,/SeperateData/PatientID_152/HR.csv,/SeperateData/PatientID_152/Acc.csv
156,1,/SeperateData/PatientID_156/HR.csv,/SeperateData/PatientID_156/Acc.csv
158,1,/SeperateData/PatientID_158/HR.csv,/SeperateData/PatientID_158/Acc.csv
186,1,/SeperateData/PatientID_186/HR.csv,/SeperateData/PatientID_186/Acc.csv
236,1,/SeperateData/PatientID_236/HR.csv,/SeperateData/PatientID_236/Acc.csv
310,1,/SeperateData/PatientID_310/HR.csv,/SeperateData/PatientID_310/Acc.csv
341,1,/SeperateData/PatientID_341/HR.csv,/SeperateData/PatientID_341/Acc.csv
419,1,/SeperateData/PatientID_419/HR.csv,/SeperateData/PatientID_419/Acc.csv
443,1,/SeperateData/PatientID_443/HR.csv,/SeperateData/PatientID_443/Acc.csv
457,1,/SeperateData/PatientID_457/HR.csv,/SeperateData/PatientID_457/Acc.csv
566,1,/SeperateData/PatientID_566/HR.csv,/SeperateData/PatientID_566/Acc.csv
584,1,/SeperateData/PatientID_584/HR.csv,/SeperateData/PatientID_584/Acc.csv
693,1,/SeperateData/PatientID_693/HR.csv,/SeperateData/PatientID_693/Acc.csv
727,1,/SeperateData/PatientID_727/HR.csv,/SeperateData/PatientID_727/Acc.csv
784,1,/SeperateData/PatientID_784/HR.csv,/SeperateData/PatientID_784/Acc.csv
800,1,/SeperateData/PatientID_800/HR.csv,/SeperateData/PatientID_800/Acc.csv
807,1,/SeperateData/PatientID_807/HR.csv,/SeperateData/PatientID_807/Acc.csv
909,1,/SeperateData/PatientID_909/HR.csv,/SeperateData/PatientID_909/Acc.csv
918,1,/SeperateData/PatientID_918/HR.csv,/SeperateData/PatientID_918/Acc.csv
941,1,/SeperateData/PatientID_941/HR.csv,/SeperateData/PatientID_941/Acc.csv